{
  "type":"ItemTurret",
  "requirements":[
    "copper"/140,
    "titanium"/200,
    "silicone"/250,
    "plastanium"/300,
    "surge-alloy"/120
  ]
  "targetAir":true,
  "targetGround":true,
  "health":6000,
  "size":3,
  "inaccuracy":0,
  "reloadTime":0.7,
  "shots":1,
  "rotateSpeed":10,
  "range":100,
  "consumes":{
  "liquid":{
    "liquid":"cyrofluild",
    "amount":1,
    "booster":true
    }
  }
  "ammoTypes":{
    "plastanium":{
      "speed":4,
      "damage":50,
      "shootEffect":"shootBig",
      "smokeEffect":"shootBigSmoke",
      "homingRange":0,
      "homingPower":0,
      "ammoMultiplier":1,
      "frontColor":"000000",
      "backColor":"00ff00"
    }
    "missile":{
      "speed":6,
      "damage":130,
      "shootEffect":"shootBig",
      "smokeEffect":"smokeBig",
      "homingRange":0,
      "homingPower":0,
      "status":"burning",
      "ammoMultiplier":1,
      "frontColor":"ff0000",
      "backColor":"797979"
    }
    "homing-missile":{
      "speed":8,
      "damage":80,
      "shootEffect":"shootBig",
      "smokeEffect":"shootBigSmoke",
      "homingRange":40,
      "homingPower":20,
      "status":"burning",
      "ammoMultiplier":1,
      "frontColor":"ffae11",
      "backColor":"797979"
    }
  } 
}